initializationUserId,collectionUserId,travellerId,productId,dateToDeliver,dateDelivered,requestDate,pickUpAddress,collectionAddress,description,deliveryFee,startCity,endCity,Distance,lpg_price,diesel_price,gasoline_price,product_weight_g,product_length_cm,product_height_cm,product_width_cm,dhl_fee,Satisfactory
26,38,4.0,5773723f7819ffb88c5c758f8f8c183c,07/24/2023 05:52 AM,07/20/2023 09:36 PM,07/18/2023 05:52 AM,26,38,,4.025129718646807,Palma,Málaga,695.5684257,54.14304626,53.55876878,71.12117596,700,20,20,20,17.05,True
32,24,12.0,2d6676e04aac85ce66dcf8d0529f4012,10/03/2023 07:34 AM,09/26/2023 03:13 AM,09/21/2023 07:34 AM,32,24,,3.810601927385716,Málaga,Madrid,414.9576716,32.30030516,31.95174072,42.42900697,500,20,12,15,16.78,True
37,38,4.0,8da90b37f0fb171b4877c124f965b1f6,06/15/2023 07:14 PM,06/07/2023 10:21 PM,06/02/2023 07:14 PM,37,38,,4.059784018164918,Barcelona,Málaga,770.3567915,59.96457265,59.31747294,78.76821157,377,18,13,15,16.78,True
31,23,3.0,60cf4effb6947283fa638d570bd07318,08/02/2023 02:05 PM,07/25/2023 09:06 AM,07/22/2023 02:05 PM,31,23,,6.621363124128837,Málaga,Palma,695.5684257,54.14304626,53.55876878,71.12117596,4500,80,70,28,22.48,True
22,39,15.0,fc37e09bb4dadd1eef5e92e954b1c72e,09/12/2023 07:17 AM,09/07/2023 12:01 PM,09/02/2023 07:17 AM,22,39,,4.589901468619425,Madrid,Barcelona,506.9220158,39.45880971,39.03299521,51.83226919,500,30,6,23,16.78,True
37,22,10.0,dbb399a8be7395d5b136d49fcdce13df,07/23/2023 10:18 PM,07/23/2023 05:10 AM,07/11/2023 10:18 PM,37,22,,2.352321614199025,Barcelona,Madrid,506.9220158,39.45880971,39.03299521,51.83226919,200,23,9,13,16.78,True
37,31,7.0,9e48435521202c8795e21ac42efcc761,05/04/2023 04:52 PM,04/29/2023 11:44 PM,04/23/2023 04:52 PM,37,31,,5.926143445198859,Barcelona,Málaga,770.3567915,59.96457265,59.31747294,78.76821157,600,46,3,15,16.78,True
20,38,16.0,457c5f8a59156ce6315753d8d788a16a,08/01/2023 10:29 AM,07/31/2023 09:32 PM,07/21/2023 10:29 AM,20,38,,2.467310529487377,Madrid,Málaga,414.9576716,32.30030516,31.95174072,42.42900697,200,16,2,11,16.78,True
33,36,15.0,9181a16945ef449aa81212d5139945ec,05/19/2023 07:27 AM,05/18/2023 03:22 AM,05/13/2023 07:27 AM,33,36,,9.206034547939165,Madrid,Barcelona,506.9220158,39.45880971,39.03299521,51.83226919,6950,85,11,50,28.15,True
37,21,4.0,f2d80346f1dd6986e9e6611db7b708aa,07/01/2023 06:19 PM,06/25/2023 02:08 PM,06/19/2023 06:19 PM,37,21,,4.093220488896538,Barcelona,Palma,205.3060396,15.98102212,15.80856505,20.99233725,50,16,2,11,17.05,True
25,33,3.0,7fb3f37949847dce3f2a1b81d4445f55,07/03/2023 04:13 AM,07/01/2023 11:08 AM,06/24/2023 04:13 AM,25,33,,4.237931624999074,Málaga,Madrid,414.9576716,32.30030516,31.95174072,42.42900697,300,29,7,16,16.78,True
21,27,3.0,375478581c97832540b9209722a32058,09/05/2023 08:57 AM,08/28/2023 09:47 AM,08/23/2023 08:57 AM,21,27,,15.788981573288535,Palma,Barcelona,205.3060396,15.98102212,15.80856505,20.99233725,17600,65,36,45,58.26,True
25,30,3.0,c78b767da00efb70c1bcccab87c28cd5,05/30/2023 11:10 PM,05/28/2023 10:26 AM,05/19/2023 11:10 PM,25,30,,2.307795619203388,Málaga,Madrid,414.9576716,32.30030516,31.95174072,42.42900697,300,42,2,30,16.78,True
22,38,14.0,3488d2ce36e718097c1509444289ef7f,05/06/2023 06:46 PM,04/26/2023 06:08 AM,04/23/2023 06:46 PM,22,38,,4.250354301336129,Madrid,Málaga,414.9576716,32.30030516,31.95174072,42.42900697,514,18,12,15,16.78,True
23,39,3.0,2e8eb076261eb842a7e1bdf64e1facda,09/09/2023 11:47 PM,09/01/2023 06:44 PM,08/27/2023 11:47 PM,23,39,,3.623385822835475,Palma,Barcelona,205.3060396,15.98102212,15.80856505,20.99233725,1400,22,12,33,17.05,True
23,28,14.0,599e5320aef0c7dd9e3fed9b2f673d41,06/30/2023 11:33 PM,06/30/2023 10:10 AM,06/17/2023 11:33 PM,23,28,,4.0663370368841925,Palma,Barcelona,205.3060396,15.98102212,15.80856505,20.99233725,700,20,20,20,17.05,True
38,39,13.0,2e8eb076261eb842a7e1bdf64e1facda,08/30/2023 08:17 AM,08/25/2023 01:16 PM,08/22/2023 08:17 AM,38,39,,4.100376331260595,Málaga,Barcelona,770.3567915,59.96457265,59.31747294,78.76821157,1400,22,12,33,16.78,True
22,37,15.0,3e9b58f1436820c248d3f98d7229bb14,06/26/2023 01:37 PM,06/26/2023 04:24 AM,06/19/2023 01:37 PM,22,37,,3.888488071302359,Madrid,Barcelona,506.9220158,39.45880971,39.03299521,51.83226919,250,16,11,11,16.78,True
26,22,11.0,bfd9a39f1774d4ca8773f1f42f09d187,08/30/2023 03:50 PM,08/23/2023 07:08 AM,08/20/2023 03:50 PM,26,22,,6.45294549334819,Palma,Madrid,550.5811893,42.85723978,42.39475158,56.29637603,750,50,5,40,17.05,True
38,35,19.0,b864b103180d5a6a3f830e67f93e8735,09/03/2023 09:31 PM,08/29/2023 08:47 AM,08/25/2023 09:31 PM,38,35,,5.000028019290241,Málaga,Barcelona,770.3567915,59.96457265,59.31747294,78.76821157,600,70,11,11,16.78,True
21,33,5.0,fe6614ba400caca2d8d310902d5ecdd5,10/03/2023 09:47 PM,09/23/2023 12:18 PM,09/20/2023 09:47 PM,21,33,,6.190871276007279,Palma,Madrid,550.5811893,42.85723978,42.39475158,56.29637603,1500,22,12,33,17.05,True
38,29,10.0,a77e6c93242ae050800cb3e5b98c2fcd,09/17/2023 08:00 AM,09/17/2023 04:15 AM,09/11/2023 08:00 AM,38,29,,7.572381578403919,Málaga,Madrid,414.9576716,32.30030516,31.95174072,42.42900697,8300,45,25,45,32.73,True
26,24,6.0,5773723f7819ffb88c5c758f8f8c183c,08/02/2023 07:56 PM,07/31/2023 03:34 AM,07/26/2023 07:56 PM,26,24,,4.575224704602194,Palma,Madrid,550.5811893,42.85723978,42.39475158,56.29637603,700,20,20,20,17.05,True
37,23,10.0,3931aaf38ba4cc928100541ff51b82ff,08/11/2023 10:21 AM,08/08/2023 07:27 AM,07/29/2023 10:21 AM,37,23,,1.6460155743335012,Barcelona,Palma,205.3060396,15.98102212,15.80856505,20.99233725,400,16,4,16,17.05,True
30,37,8.0,2e511b5741ab14e7f5294df6f1310b03,09/24/2023 09:44 AM,09/17/2023 06:22 PM,09/14/2023 09:44 AM,30,37,,2.882282762098215,Madrid,Barcelona,506.9220158,39.45880971,39.03299521,51.83226919,188,20,16,15,16.78,True
33,36,2.0,c72a1a8c3bbe15206d1880cedc7bd791,04/23/2023 02:56 AM,04/18/2023 07:41 AM,04/16/2023 02:56 AM,33,36,,6.40151009353214,Madrid,Barcelona,506.9220158,39.45880971,39.03299521,51.83226919,4750,18,22,30,21.73,True
30,23,12.0,e791e580a2421e4471aebb0629c705c1,06/24/2023 02:14 AM,06/21/2023 09:16 AM,06/18/2023 02:14 AM,30,23,,3.8005359682562716,Madrid,Palma,550.5811893,42.85723978,42.39475158,56.29637603,200,16,4,14,17.05,False
36,25,12.0,a1bf559ac1eab015ba992bd76d9d76c7,07/06/2023 02:15 AM,07/03/2023 03:36 PM,06/28/2023 02:15 AM,36,25,,4.642498165821987,Barcelona,Málaga,770.3567915,59.96457265,59.31747294,78.76821157,200,39,2,30,16.78,True
38,26,16.0,7715f7da32957a84ad267799121a90e2,08/02/2023 02:25 AM,07/30/2023 03:51 AM,07/25/2023 02:25 AM,38,26,,4.354466534250245,Málaga,Palma,695.5684257,54.14304626,53.55876878,71.12117596,350,16,11,11,17.05,True
36,23,16.0,f159439c5c382fae366d444e05c590c1,09/28/2023 05:51 AM,09/27/2023 03:07 PM,09/18/2023 05:51 AM,36,23,,3.9817445698381793,Barcelona,Palma,205.3060396,15.98102212,15.80856505,20.99233725,400,18,18,12,17.05,True
27,20,5.0,bfd9a39f1774d4ca8773f1f42f09d187,10/04/2023 06:11 PM,09/27/2023 04:47 PM,09/22/2023 06:11 PM,27,20,,4.074740493391168,Barcelona,Madrid,506.9220158,39.45880971,39.03299521,51.83226919,750,50,5,40,16.78,True
27,21,11.0,8da90b37f0fb171b4877c124f965b1f6,06/05/2023 09:23 PM,06/01/2023 01:31 AM,05/29/2023 09:23 PM,27,21,,1.5234709539554139,Barcelona,Palma,205.3060396,15.98102212,15.80856505,20.99233725,377,18,13,15,17.05,True
37,32,8.0,cd7701670288642f7be9437dec9034c1,05/04/2023 11:24 AM,05/01/2023 01:14 PM,04/26/2023 11:24 AM,37,32,,3.1840442605854835,Barcelona,Málaga,770.3567915,59.96457265,59.31747294,78.76821157,400,16,20,15,16.78,True
24,36,17.0,a4944a8b60acfe399f15f45892bc5639,09/22/2023 09:48 AM,09/20/2023 04:33 AM,09/10/2023 09:48 AM,24,36,,3.7756861323604545,Madrid,Barcelona,506.9220158,39.45880971,39.03299521,51.83226919,667,27,19,20,16.78,True
33,39,19.0,35255921c732e0e9319097469d856cd5,05/26/2023 07:42 PM,05/25/2023 11:10 PM,05/20/2023 07:42 PM,33,39,,5.0029279509599816,Madrid,Barcelona,506.9220158,39.45880971,39.03299521,51.83226919,400,18,11,15,16.78,True
31,24,9.0,dfb68ce52d4975e692909a1bf9d59f1b,07/25/2023 09:31 PM,07/22/2023 03:13 AM,07/16/2023 09:31 PM,31,24,,1.7955382759630316,Málaga,Madrid,414.9576716,32.30030516,31.95174072,42.42900697,300,29,7,16,16.78,True
31,30,2.0,483df9288035696f34225a7047591d13,05/04/2023 04:02 PM,04/29/2023 05:51 PM,04/22/2023 04:02 PM,31,30,,3.324454444538122,Málaga,Madrid,414.9576716,32.30030516,31.95174072,42.42900697,550,26,17,17,16.78,True
32,22,5.0,4ed86bcb86407328452ac1c5b3b89d67,07/12/2023 04:23 PM,07/12/2023 04:51 AM,07/04/2023 04:23 PM,32,22,,4.183199659790329,Málaga,Madrid,414.9576716,32.30030516,31.95174072,42.42900697,500,30,8,35,16.78,True
32,26,17.0,8e71b24c3e25a92fef6176120a67fac7,05/12/2023 11:07 AM,05/07/2023 08:53 PM,04/29/2023 11:07 AM,32,26,,4.129988615497459,Málaga,Palma,695.5684257,54.14304626,53.55876878,71.12117596,783,21,13,28,17.05,True
33,32,13.0,7486c1fa8968fae4af4c32882f72dbe6,05/11/2023 11:08 AM,05/02/2023 08:30 PM,04/29/2023 11:08 AM,33,32,,3.4126049507752385,Madrid,Málaga,414.9576716,32.30030516,31.95174072,42.42900697,150,16,4,14,16.78,True
31,21,2.0,28f71b48a5f99f0bcf4642ae10352557,07/01/2023 06:00 AM,06/28/2023 07:57 PM,06/23/2023 06:00 AM,31,21,,4.933496571004807,Málaga,Palma,695.5684257,54.14304626,53.55876878,71.12117596,500,17,22,17,17.05,True
32,26,4.0,6a2fb4dd53d2cdb88e0432f1284a004c,07/29/2023 05:16 AM,07/24/2023 08:21 PM,07/18/2023 05:16 AM,32,26,,5.365176270880473,Málaga,Palma,695.5684257,54.14304626,53.55876878,71.12117596,400,27,5,20,17.05,True
36,24,16.0,bfd9a39f1774d4ca8773f1f42f09d187,05/03/2023 07:06 PM,04/28/2023 05:20 PM,04/23/2023 07:06 PM,36,24,,2.9411938307517858,Barcelona,Madrid,506.9220158,39.45880971,39.03299521,51.83226919,750,50,5,40,16.78,True
27,22,19.0,be1be330cf34043d1c40d6114cbd11b5,04/15/2023 04:16 PM,04/12/2023 03:00 AM,04/05/2023 04:16 PM,27,22,,4.50307505099495,Barcelona,Madrid,506.9220158,39.45880971,39.03299521,51.83226919,317,19,13,16,16.78,True
31,27,11.0,e792f2bb275bdea9b6076c2acbb5abcd,07/21/2023 07:29 AM,07/18/2023 06:12 PM,07/09/2023 07:29 AM,31,27,,4.876175067338483,Málaga,Barcelona,770.3567915,59.96457265,59.31747294,78.76821157,850,16,14,11,16.78,False
30,31,0.0,da86f2cc2faf840b7b86390726b88905,08/25/2023 01:02 AM,08/23/2023 02:48 PM,08/13/2023 01:02 AM,30,31,,1.8546698698552437,Madrid,Málaga,414.9576716,32.30030516,31.95174072,42.42900697,200,22,3,11,16.78,True
23,28,2.0,4e80e5fbd1f7a5e67501d0e1573abf98,10/04/2023 05:05 AM,10/02/2023 08:55 AM,09/28/2023 05:05 AM,23,28,,2.6263078369936226,Palma,Barcelona,205.3060396,15.98102212,15.80856505,20.99233725,300,19,13,13,17.05,True
33,21,9.0,cd7701670288642f7be9437dec9034c1,10/09/2023 11:51 AM,09/28/2023 06:36 PM,09/26/2023 11:51 AM,33,21,,3.6433997787498393,Madrid,Palma,550.5811893,42.85723978,42.39475158,56.29637603,400,16,20,15,17.05,True
27,30,2.0,47de5f36ace720b578ca1b30d0b45b8d,08/10/2023 01:01 PM,08/08/2023 08:04 AM,08/03/2023 01:01 PM,27,30,,3.3364794831561464,Barcelona,Madrid,506.9220158,39.45880971,39.03299521,51.83226919,900,26,13,21,16.78,False
37,31,12.0,bbaef2eadf31fe3ea6702077398be06c,10/04/2023 07:53 PM,09/25/2023 12:59 PM,09/22/2023 07:53 PM,37,31,,5.076799894807193,Barcelona,Málaga,770.3567915,59.96457265,59.31747294,78.76821157,400,18,11,11,16.78,True
26,36,1.0,7715f7da32957a84ad267799121a90e2,07/30/2023 09:35 AM,07/27/2023 01:37 PM,07/22/2023 09:35 AM,26,36,,2.510895612683786,Palma,Barcelona,205.3060396,15.98102212,15.80856505,20.99233725,350,16,11,11,17.05,True
39,21,11.0,a1b71017a84f92fd8da4aeefba108a24,08/15/2023 11:16 PM,08/09/2023 10:01 AM,08/06/2023 11:16 PM,39,21,,2.0509336421553943,Barcelona,Palma,205.3060396,15.98102212,15.80856505,20.99233725,900,40,15,20,17.05,True
31,35,1.0,2e511b5741ab14e7f5294df6f1310b03,09/16/2023 02:01 PM,09/15/2023 05:30 PM,09/05/2023 02:01 PM,31,35,,4.792302266999716,Málaga,Barcelona,770.3567915,59.96457265,59.31747294,78.76821157,188,20,16,15,16.78,True
39,25,12.0,d899300bb0834fde956e80ce7ca0c958,08/10/2023 02:44 PM,08/08/2023 01:52 PM,08/04/2023 02:44 PM,39,25,,4.6201270384661335,Barcelona,Málaga,770.3567915,59.96457265,59.31747294,78.76821157,350,19,13,13,16.78,True
21,31,17.0,1175dc374bce5c9d93c4d4281d8d85d7,08/09/2023 12:16 AM,08/05/2023 01:00 AM,08/01/2023 12:16 AM,21,31,,4.414878401457119,Palma,Málaga,695.5684257,54.14304626,53.55876878,71.12117596,400,18,18,18,17.05,True
33,23,5.0,d75e2e75d4471019ee14ae21d5f61704,07/29/2023 09:29 PM,07/24/2023 03:10 PM,07/20/2023 09:29 PM,33,23,,3.6368412904365477,Madrid,Palma,550.5811893,42.85723978,42.39475158,56.29637603,900,20,9,21,17.05,True
31,23,1.0,7486c1fa8968fae4af4c32882f72dbe6,05/20/2023 03:26 AM,05/09/2023 06:40 PM,05/07/2023 03:26 AM,31,23,,4.046743328645803,Málaga,Palma,695.5684257,54.14304626,53.55876878,71.12117596,150,16,4,14,17.05,False
24,36,4.0,28e410092e56a080e14595c053d0bbe8,09/21/2023 12:55 PM,09/17/2023 07:03 PM,09/08/2023 12:55 PM,24,36,,4.114914710045966,Madrid,Barcelona,506.9220158,39.45880971,39.03299521,51.83226919,200,16,16,16,16.78,True
25,37,4.0,375478581c97832540b9209722a32058,04/16/2023 07:32 PM,04/11/2023 09:11 PM,04/06/2023 07:32 PM,25,37,,17.361845038362585,Málaga,Barcelona,770.3567915,59.96457265,59.31747294,78.76821157,17600,65,36,45,53.34,True
35,25,3.0,03e7d29d9988a30815f1f20b6549881f,09/25/2023 01:03 PM,09/23/2023 10:31 PM,09/15/2023 01:03 PM,35,25,,5.525930216195066,Barcelona,Málaga,770.3567915,59.96457265,59.31747294,78.76821157,700,22,12,33,16.78,True
28,34,6.0,8da90b37f0fb171b4877c124f965b1f6,08/02/2023 05:41 AM,07/31/2023 05:18 PM,07/25/2023 05:41 AM,28,34,,5.554399559206068,Barcelona,Málaga,770.3567915,59.96457265,59.31747294,78.76821157,377,18,13,15,16.78,True
21,37,1.0,ba3fea9ec13fb882dda6c9e4295d9130,05/19/2023 09:40 PM,05/14/2023 11:53 AM,05/08/2023 09:40 PM,21,37,,4.045272492444571,Palma,Barcelona,205.3060396,15.98102212,15.80856505,20.99233725,667,20,17,18,17.05,True
26,37,17.0,0d009643171aee696f4733340bc2fdd0,07/05/2023 07:36 AM,07/02/2023 02:15 PM,06/29/2023 07:36 AM,26,37,,1.6380854148432094,Palma,Barcelona,205.3060396,15.98102212,15.80856505,20.99233725,422,21,16,18,17.05,True
22,31,4.0,f45d3b91af1103db9a21dc9d11cb9223,06/24/2023 09:39 PM,06/20/2023 02:53 AM,06/15/2023 09:39 PM,22,31,,3.8334857629982686,Madrid,Málaga,414.9576716,32.30030516,31.95174072,42.42900697,750,22,12,33,16.78,True
20,25,17.0,dfb68ce52d4975e692909a1bf9d59f1b,06/03/2023 04:32 AM,05/28/2023 04:23 PM,05/21/2023 04:32 AM,20,25,,6.418419739000168,Madrid,Málaga,414.9576716,32.30030516,31.95174072,42.42900697,300,29,7,16,16.78,True
28,22,1.0,b6b4ab44d1f3c2a645abbda76af2a993,09/15/2023 01:37 AM,09/09/2023 03:05 AM,09/02/2023 01:37 AM,28,22,,4.653742768336994,Barcelona,Madrid,506.9220158,39.45880971,39.03299521,51.83226919,1050,30,45,11,16.78,True
39,33,8.0,28f71b48a5f99f0bcf4642ae10352557,08/01/2023 06:50 AM,07/31/2023 07:13 AM,07/26/2023 06:50 AM,39,33,,2.1555795733992564,Barcelona,Madrid,506.9220158,39.45880971,39.03299521,51.83226919,500,17,22,17,16.78,True
31,29,14.0,2d6676e04aac85ce66dcf8d0529f4012,04/30/2023 06:03 PM,04/30/2023 07:55 AM,04/24/2023 06:03 PM,31,29,,5.579096364211438,Málaga,Madrid,414.9576716,32.30030516,31.95174072,42.42900697,500,20,12,15,16.78,True
34,27,9.0,76fffd0056ad48fbddac939c05e05cff,09/12/2023 07:47 AM,09/11/2023 10:54 PM,09/04/2023 07:47 AM,34,27,,5.023489059790819,Málaga,Barcelona,770.3567915,59.96457265,59.31747294,78.76821157,200,16,2,20,16.78,False
25,20,17.0,03e7d29d9988a30815f1f20b6549881f,08/03/2023 09:41 AM,07/30/2023 05:26 PM,07/25/2023 09:41 AM,25,20,,4.278895558551158,Málaga,Madrid,414.9576716,32.30030516,31.95174072,42.42900697,700,22,12,33,16.78,True
22,21,12.0,e0bbe6292471ff5ab3752414baf78111,08/14/2023 05:34 AM,08/13/2023 03:50 AM,08/05/2023 05:34 AM,22,21,,5.1928849612482395,Madrid,Palma,550.5811893,42.85723978,42.39475158,56.29637603,500,16,11,11,17.05,True
22,25,4.0,8bb6ace4cf2411747ea1cfecad5a458d,06/03/2023 06:37 AM,05/29/2023 11:06 PM,05/26/2023 06:37 AM,22,25,,8.310596716362236,Madrid,Málaga,414.9576716,32.30030516,31.95174072,42.42900697,6000,75,15,50,25.86,True
21,33,17.0,3931aaf38ba4cc928100541ff51b82ff,08/27/2023 10:15 PM,08/17/2023 08:02 AM,08/14/2023 10:15 PM,21,33,,3.5155275008134867,Palma,Madrid,550.5811893,42.85723978,42.39475158,56.29637603,400,16,4,16,17.05,True
22,25,6.0,2ae501b303a5a8e6f75c8c36f366b2d5,07/25/2023 09:51 AM,07/23/2023 08:31 PM,07/17/2023 09:51 AM,22,25,,2.4957836678250147,Madrid,Málaga,414.9576716,32.30030516,31.95174072,42.42900697,150,22,7,16,16.78,True
20,21,0.0,a1b71017a84f92fd8da4aeefba108a24,08/22/2023 01:29 PM,08/20/2023 10:22 AM,08/11/2023 01:29 PM,20,21,,4.849033129995909,Madrid,Palma,550.5811893,42.85723978,42.39475158,56.29637603,900,40,15,20,17.05,True
37,29,17.0,c51dc74a8b5018e82e9e44ef4b647227,06/01/2023 12:24 AM,05/31/2023 06:20 PM,05/19/2023 12:24 AM,37,29,,2.21180335137721,Barcelona,Madrid,506.9220158,39.45880971,39.03299521,51.83226919,650,16,10,11,16.78,True
26,35,18.0,76fffd0056ad48fbddac939c05e05cff,09/22/2023 06:22 AM,09/19/2023 03:48 AM,09/09/2023 06:22 AM,26,35,,3.0217886332747304,Palma,Barcelona,205.3060396,15.98102212,15.80856505,20.99233725,200,16,2,20,17.05,True
28,30,14.0,8da90b37f0fb171b4877c124f965b1f6,09/12/2023 06:15 AM,09/10/2023 08:57 PM,09/05/2023 06:15 AM,28,30,,4.522767321051217,Barcelona,Madrid,506.9220158,39.45880971,39.03299521,51.83226919,377,18,13,15,16.78,True
24,21,5.0,7486c1fa8968fae4af4c32882f72dbe6,07/27/2023 01:05 AM,07/19/2023 04:46 PM,07/14/2023 01:05 AM,24,21,,3.6050265973125155,Madrid,Palma,550.5811893,42.85723978,42.39475158,56.29637603,150,16,4,14,17.05,True
31,23,5.0,cfe99a31516679fb9515881d25891570,08/23/2023 09:32 PM,08/19/2023 12:14 AM,08/15/2023 09:32 PM,31,23,,4.293066872995914,Málaga,Palma,695.5684257,54.14304626,53.55876878,71.12117596,500,29,12,23,17.05,True
33,38,9.0,c72a1a8c3bbe15206d1880cedc7bd791,07/18/2023 10:38 PM,07/18/2023 09:23 AM,07/10/2023 10:38 PM,33,38,,4.901407403946908,Madrid,Málaga,414.9576716,32.30030516,31.95174072,42.42900697,4750,18,22,30,21.73,True
28,30,3.0,c478b1bbf9ec8c5691f37ccb83187386,09/30/2023 07:47 AM,09/30/2023 01:41 AM,09/20/2023 07:47 AM,28,30,,3.085203628988193,Barcelona,Madrid,506.9220158,39.45880971,39.03299521,51.83226919,300,25,8,18,16.78,True
29,23,3.0,e0bbe6292471ff5ab3752414baf78111,08/28/2023 06:38 AM,08/24/2023 09:43 PM,08/17/2023 06:38 AM,29,23,,2.182031902723062,Madrid,Palma,550.5811893,42.85723978,42.39475158,56.29637603,500,16,11,11,17.05,True
31,20,8.0,a07713fa6def350398642fcb700db2f9,09/30/2023 01:53 AM,09/29/2023 03:56 AM,09/24/2023 01:53 AM,31,20,,4.188853420321097,Málaga,Madrid,414.9576716,32.30030516,31.95174072,42.42900697,1400,22,12,33,16.78,True
26,20,3.0,c78b767da00efb70c1bcccab87c28cd5,05/24/2023 07:42 AM,05/20/2023 02:32 AM,05/12/2023 07:42 AM,26,20,,2.800636512102195,Palma,Madrid,550.5811893,42.85723978,42.39475158,56.29637603,300,42,2,30,17.05,True
22,34,10.0,302a19dacdbb5ed2f74f9dee8126ef79,08/29/2023 08:50 AM,08/26/2023 07:32 PM,08/22/2023 08:50 AM,22,34,,2.6503769231681016,Madrid,Málaga,414.9576716,32.30030516,31.95174072,42.42900697,300,17,7,24,16.78,True
31,21,9.0,4e80e5fbd1f7a5e67501d0e1573abf98,04/25/2023 10:58 PM,04/22/2023 09:09 PM,04/14/2023 10:58 PM,31,21,,5.508100765330633,Málaga,Palma,695.5684257,54.14304626,53.55876878,71.12117596,300,19,13,13,17.05,True
29,28,0.0,8e71b24c3e25a92fef6176120a67fac7,08/01/2023 01:32 AM,07/30/2023 04:57 PM,07/23/2023 01:32 AM,29,28,,4.723749443663481,Madrid,Barcelona,506.9220158,39.45880971,39.03299521,51.83226919,783,21,13,28,16.78,True
22,37,19.0,7eb9c68704af5effea1cee6f3a6b4b4b,08/07/2023 07:12 AM,08/01/2023 06:15 PM,07/30/2023 07:12 AM,22,37,,4.749997257910318,Madrid,Barcelona,506.9220158,39.45880971,39.03299521,51.83226919,900,22,12,33,16.78,True
32,29,6.0,a1b71017a84f92fd8da4aeefba108a24,06/27/2023 05:21 AM,06/21/2023 01:01 AM,06/16/2023 05:21 AM,32,29,,4.874804637702224,Málaga,Madrid,414.9576716,32.30030516,31.95174072,42.42900697,900,40,15,20,16.78,True
28,32,10.0,a0253d43394dd4da9a5d7b1f546f1a32,10/04/2023 09:18 PM,10/04/2023 12:55 PM,09/26/2023 09:18 PM,28,32,,5.540140275689953,Barcelona,Málaga,770.3567915,59.96457265,59.31747294,78.76821157,740,23,13,13,16.78,True
25,29,6.0,28e410092e56a080e14595c053d0bbe8,08/26/2023 08:30 PM,08/22/2023 08:53 PM,08/16/2023 08:30 PM,25,29,,2.9088418415810473,Málaga,Madrid,414.9576716,32.30030516,31.95174072,42.42900697,200,16,16,16,16.78,True
39,21,14.0,a77e6c93242ae050800cb3e5b98c2fcd,04/18/2023 09:37 AM,04/08/2023 07:12 PM,04/05/2023 09:37 AM,39,21,,7.381442833084985,Barcelona,Palma,205.3060396,15.98102212,15.80856505,20.99233725,8300,45,25,45,34.77,True
33,36,0.0,cef67bcfe19066a932b7673e239eb23d,04/16/2023 11:56 PM,04/16/2023 06:50 PM,04/07/2023 11:56 PM,33,36,,2.8632132822186454,Madrid,Barcelona,506.9220158,39.45880971,39.03299521,51.83226919,371,26,4,26,16.78,True
27,22,6.0,2d6676e04aac85ce66dcf8d0529f4012,04/22/2023 02:06 AM,04/18/2023 02:44 AM,04/12/2023 02:06 AM,27,22,,4.896250719784362,Barcelona,Madrid,506.9220158,39.45880971,39.03299521,51.83226919,500,20,12,15,16.78,True
39,33,19.0,8b6a57fbcf171e0a44f97af7af858939,09/17/2023 04:38 AM,09/15/2023 04:22 PM,09/11/2023 04:38 AM,39,33,,1.7293571832080188,Barcelona,Madrid,506.9220158,39.45880971,39.03299521,51.83226919,617,17,14,17,16.78,True
30,36,4.0,fc37e09bb4dadd1eef5e92e954b1c72e,05/11/2023 12:35 AM,05/01/2023 12:11 PM,04/29/2023 12:35 AM,30,36,,2.9044745274636234,Madrid,Barcelona,506.9220158,39.45880971,39.03299521,51.83226919,500,30,6,23,16.78,True
36,33,15.0,1f64ec386a6be322e71596931f5d2377,09/11/2023 05:56 PM,09/07/2023 12:23 AM,08/30/2023 05:56 PM,36,33,,5.233821021950038,Barcelona,Madrid,506.9220158,39.45880971,39.03299521,51.83226919,200,16,22,11,16.78,True
26,28,0.0,a1bf559ac1eab015ba992bd76d9d76c7,04/16/2023 12:22 AM,04/13/2023 09:02 AM,04/03/2023 12:22 AM,26,28,,2.8749127443297384,Palma,Barcelona,205.3060396,15.98102212,15.80856505,20.99233725,200,39,2,30,17.05,True
33,36,16.0,a1bf559ac1eab015ba992bd76d9d76c7,07/30/2023 01:18 PM,07/28/2023 12:32 AM,07/22/2023 01:18 PM,33,36,,3.2493597611990617,Madrid,Barcelona,506.9220158,39.45880971,39.03299521,51.83226919,200,39,2,30,16.78,True
35,23,2.0,e8f22df5fa5b454907286aa61d6216a8,05/02/2023 03:41 PM,04/30/2023 05:33 PM,04/25/2023 03:41 PM,35,23,,3.3540451585973736,Barcelona,Palma,205.3060396,15.98102212,15.80856505,20.99233725,1500,22,12,33,17.05,True
28,22,8.0,2ae501b303a5a8e6f75c8c36f366b2d5,10/05/2023 06:51 PM,09/30/2023 09:41 PM,09/26/2023 06:51 PM,28,22,,4.829509145052941,Barcelona,Madrid,506.9220158,39.45880971,39.03299521,51.83226919,150,22,7,16,16.78,True
21,36,14.0,0d009643171aee696f4733340bc2fdd0,07/10/2023 11:33 AM,07/09/2023 11:51 AM,06/30/2023 11:33 AM,21,36,,1.8738461671332143,Palma,Barcelona,205.3060396,15.98102212,15.80856505,20.99233725,422,21,16,18,17.05,True
37,34,17.0,2e511b5741ab14e7f5294df6f1310b03,06/07/2023 08:17 AM,06/01/2023 08:51 AM,05/25/2023 08:17 AM,37,34,,3.2343585690255434,Barcelona,Málaga,770.3567915,59.96457265,59.31747294,78.76821157,188,20,16,15,16.78,True
22,34,11.0,c51dc74a8b5018e82e9e44ef4b647227,09/05/2023 05:17 AM,09/04/2023 09:02 AM,08/29/2023 05:17 AM,22,34,,3.485464292326284,Madrid,Málaga,414.9576716,32.30030516,31.95174072,42.42900697,650,16,10,11,16.78,True
34,24,16.0,76fffd0056ad48fbddac939c05e05cff,08/10/2023 11:40 AM,08/02/2023 08:59 AM,07/30/2023 11:40 AM,34,24,,3.5407420481185663,Málaga,Madrid,414.9576716,32.30030516,31.95174072,42.42900697,200,16,2,20,16.78,True
29,35,1.0,599e5320aef0c7dd9e3fed9b2f673d41,06/26/2023 10:18 PM,06/23/2023 12:21 AM,06/19/2023 10:18 PM,29,35,,2.090684097446454,Madrid,Barcelona,506.9220158,39.45880971,39.03299521,51.83226919,700,20,20,20,16.78,True
24,34,7.0,3488d2ce36e718097c1509444289ef7f,06/10/2023 04:00 PM,06/07/2023 12:58 PM,05/31/2023 04:00 PM,24,34,,4.001335224354362,Madrid,Málaga,414.9576716,32.30030516,31.95174072,42.42900697,514,18,12,15,16.78,True
39,22,15.0,a2e2851eae0aebb8ee4df32348b42e2b,05/28/2023 05:41 AM,05/24/2023 10:16 AM,05/19/2023 05:41 AM,39,22,,3.264463780334954,Barcelona,Madrid,506.9220158,39.45880971,39.03299521,51.83226919,367,16,4,11,16.78,False
21,39,8.0,e792f2bb275bdea9b6076c2acbb5abcd,09/11/2023 09:36 PM,09/07/2023 11:26 AM,09/04/2023 09:36 PM,21,39,,3.1862093993318146,Palma,Barcelona,205.3060396,15.98102212,15.80856505,20.99233725,850,16,14,11,17.05,True
30,31,2.0,6e9c52b407fea24064f7ab2b144fbf8c,08/08/2023 04:49 AM,08/05/2023 12:20 PM,08/02/2023 04:49 AM,30,31,,11.605763455512678,Madrid,Málaga,414.9576716,32.30030516,31.95174072,42.42900697,13575,71,81,44,44.18,True
31,37,10.0,5cfe07a11fd4f35d3c5ca21cd60cee6e,09/04/2023 08:30 AM,08/26/2023 01:45 AM,08/23/2023 08:30 AM,31,37,,4.8529381279943005,Málaga,Barcelona,770.3567915,59.96457265,59.31747294,78.76821157,750,22,12,33,16.78,False
25,20,12.0,80fc21f90a43fdcfc623f11f5457db10,04/15/2023 05:07 PM,04/14/2023 01:20 AM,04/05/2023 05:07 PM,25,20,,2.474214548885239,Málaga,Madrid,414.9576716,32.30030516,31.95174072,42.42900697,267,17,11,12,16.78,True
35,21,14.0,5e459bd31247ee46fa95b09556600a6a,07/29/2023 06:11 PM,07/20/2023 07:27 AM,07/17/2023 06:11 PM,35,21,,1.776117110755903,Barcelona,Palma,205.3060396,15.98102212,15.80856505,20.99233725,300,29,7,16,17.05,True
32,28,12.0,35255921c732e0e9319097469d856cd5,06/14/2023 05:21 AM,06/13/2023 06:30 AM,06/07/2023 05:21 AM,32,28,,4.139418664258713,Málaga,Barcelona,770.3567915,59.96457265,59.31747294,78.76821157,400,18,11,15,16.78,True
34,24,12.0,f2d80346f1dd6986e9e6611db7b708aa,05/26/2023 12:01 PM,05/18/2023 06:56 AM,05/15/2023 12:01 PM,34,24,,1.9479462859408776,Málaga,Madrid,414.9576716,32.30030516,31.95174072,42.42900697,50,16,2,11,16.78,True
33,32,10.0,2e511b5741ab14e7f5294df6f1310b03,05/01/2023 01:00 PM,04/25/2023 07:55 AM,04/21/2023 01:00 PM,33,32,,2.730677337767306,Madrid,Málaga,414.9576716,32.30030516,31.95174072,42.42900697,188,20,16,15,16.78,False
35,25,0.0,723f62c36c298037716bf60c0ad0df3a,04/20/2023 05:43 PM,04/14/2023 01:04 AM,04/11/2023 05:43 PM,35,25,,3.6013163618382977,Barcelona,Málaga,770.3567915,59.96457265,59.31747294,78.76821157,250,16,2,11,16.78,True
39,38,19.0,99d1f27bf9ea0392ab69d0203c6efdc4,07/09/2023 06:30 AM,07/08/2023 04:04 AM,07/01/2023 06:30 AM,39,38,,5.915851247359081,Barcelona,Málaga,770.3567915,59.96457265,59.31747294,78.76821157,150,16,16,15,16.78,True
28,34,1.0,f3979f97b4913d696bbe9c7c425c5e4e,06/16/2023 01:36 PM,06/12/2023 08:47 PM,06/04/2023 01:36 PM,28,34,,18.376380605051935,Barcelona,Málaga,770.3567915,59.96457265,59.31747294,78.76821157,18667,88,28,67,55.63,True
39,21,9.0,b864b103180d5a6a3f830e67f93e8735,06/24/2023 03:17 AM,06/15/2023 03:04 PM,06/12/2023 03:17 AM,39,21,,1.8267855184676693,Barcelona,Palma,205.3060396,15.98102212,15.80856505,20.99233725,600,70,11,11,17.05,True
36,32,7.0,35255921c732e0e9319097469d856cd5,04/16/2023 07:14 PM,04/14/2023 06:29 PM,04/10/2023 07:14 PM,36,32,,5.651720065222414,Barcelona,Málaga,770.3567915,59.96457265,59.31747294,78.76821157,400,18,11,15,16.78,True
37,30,8.0,c78b767da00efb70c1bcccab87c28cd5,05/11/2023 10:29 AM,05/10/2023 01:52 AM,05/05/2023 10:29 AM,37,30,,3.342019817240801,Barcelona,Madrid,506.9220158,39.45880971,39.03299521,51.83226919,300,42,2,30,16.78,True
29,26,10.0,2d6676e04aac85ce66dcf8d0529f4012,08/23/2023 05:42 PM,08/20/2023 05:14 AM,08/15/2023 05:42 PM,29,26,,3.7840691125046946,Madrid,Palma,550.5811893,42.85723978,42.39475158,56.29637603,500,20,12,15,17.05,True
20,34,18.0,483bc1cbabb3fd0c16d82d2f162852c4,10/05/2023 08:50 AM,10/02/2023 02:59 PM,09/27/2023 08:50 AM,20,34,,2.2177875594367564,Madrid,Málaga,414.9576716,32.30030516,31.95174072,42.42900697,2000,32,12,37,16.78,True
39,24,13.0,6a2fb4dd53d2cdb88e0432f1284a004c,05/28/2023 02:12 AM,05/24/2023 02:34 AM,05/20/2023 02:12 AM,39,24,,3.6572315625249066,Barcelona,Madrid,506.9220158,39.45880971,39.03299521,51.83226919,400,27,5,20,16.78,True
27,25,3.0,457c5f8a59156ce6315753d8d788a16a,08/07/2023 11:11 AM,08/04/2023 06:32 AM,07/28/2023 11:11 AM,27,25,,4.7048330328935,Barcelona,Málaga,770.3567915,59.96457265,59.31747294,78.76821157,200,16,2,11,16.78,False
30,35,7.0,a07713fa6def350398642fcb700db2f9,07/07/2023 01:29 PM,07/03/2023 03:45 PM,06/24/2023 01:29 PM,30,35,,3.1615773547278416,Madrid,Barcelona,506.9220158,39.45880971,39.03299521,51.83226919,1400,22,12,33,16.78,True
30,38,10.0,3cef8174403f4fdedbf24fa67fa9f132,08/06/2023 04:17 PM,08/03/2023 01:50 PM,07/27/2023 04:17 PM,30,38,,5.987652155227618,Madrid,Málaga,414.9576716,32.30030516,31.95174072,42.42900697,1800,18,32,27,16.78,True
34,27,8.0,b6b4ab44d1f3c2a645abbda76af2a993,07/22/2023 03:13 AM,07/18/2023 07:44 AM,07/16/2023 03:13 AM,34,27,,4.941693838767765,Málaga,Barcelona,770.3567915,59.96457265,59.31747294,78.76821157,1050,30,45,11,16.78,True
29,23,19.0,ce94e3c41145e28428cdae952a1fd7f2,08/20/2023 11:17 PM,08/14/2023 02:13 PM,08/11/2023 11:17 PM,29,23,,3.3627243735489585,Madrid,Palma,550.5811893,42.85723978,42.39475158,56.29637603,335,17,11,12,17.05,True
21,25,18.0,1175dc374bce5c9d93c4d4281d8d85d7,04/18/2023 06:50 AM,04/10/2023 09:31 PM,04/08/2023 06:50 AM,21,25,,4.824721755307001,Palma,Málaga,695.5684257,54.14304626,53.55876878,71.12117596,400,18,18,18,17.05,True
25,21,11.0,3488d2ce36e718097c1509444289ef7f,07/24/2023 09:13 AM,07/23/2023 07:20 PM,07/16/2023 09:13 AM,25,21,,4.1699864839373095,Málaga,Palma,695.5684257,54.14304626,53.55876878,71.12117596,514,18,12,15,17.05,True
24,32,4.0,ba3fea9ec13fb882dda6c9e4295d9130,05/26/2023 11:46 AM,05/25/2023 04:48 AM,05/13/2023 11:46 AM,24,32,,2.8026852880302484,Madrid,Málaga,414.9576716,32.30030516,31.95174072,42.42900697,667,20,17,18,16.78,True
26,28,11.0,6a2fb4dd53d2cdb88e0432f1284a004c,08/12/2023 10:40 AM,08/09/2023 04:06 PM,08/04/2023 10:40 AM,26,28,,3.0048052921570814,Palma,Barcelona,205.3060396,15.98102212,15.80856505,20.99233725,400,27,5,20,17.05,True
27,32,7.0,a1b71017a84f92fd8da4aeefba108a24,07/30/2023 07:46 AM,07/27/2023 06:30 PM,07/23/2023 07:46 AM,27,32,,5.1362215367274855,Barcelona,Málaga,770.3567915,59.96457265,59.31747294,78.76821157,900,40,15,20,16.78,True
34,27,4.0,4ed86bcb86407328452ac1c5b3b89d67,08/13/2023 01:37 AM,08/08/2023 05:59 AM,08/05/2023 01:37 AM,34,27,,4.807160075551442,Málaga,Barcelona,770.3567915,59.96457265,59.31747294,78.76821157,500,30,8,35,16.78,True
31,30,1.0,b5d214651360e2d58e13b48ae69c6199,04/29/2023 07:50 PM,04/24/2023 02:10 AM,04/19/2023 07:50 PM,31,30,,10.588059981978368,Málaga,Madrid,414.9576716,32.30030516,31.95174072,42.42900697,10400,100,23,27,37.31,True
30,23,1.0,bbaef2eadf31fe3ea6702077398be06c,09/03/2023 11:28 AM,09/01/2023 05:32 PM,08/25/2023 11:28 AM,30,23,,4.857094839507882,Madrid,Palma,550.5811893,42.85723978,42.39475158,56.29637603,400,18,11,11,17.05,True
35,29,0.0,7715f7da32957a84ad267799121a90e2,05/31/2023 09:55 PM,05/30/2023 07:05 AM,05/24/2023 09:55 PM,35,29,,3.279895977296033,Barcelona,Madrid,506.9220158,39.45880971,39.03299521,51.83226919,350,16,11,11,16.78,False
33,23,10.0,2b1e141d70cf9e03eae19784eb427c24,05/27/2023 05:41 PM,05/26/2023 08:29 PM,05/19/2023 05:41 PM,33,23,,4.689926972938995,Madrid,Palma,550.5811893,42.85723978,42.39475158,56.29637603,400,16,21,15,17.05,True
38,37,14.0,fc5c33cddd49638580cfe9fec90aa943,07/13/2023 07:36 PM,07/11/2023 09:43 AM,07/02/2023 07:36 PM,38,37,,4.191552246485136,Málaga,Barcelona,770.3567915,59.96457265,59.31747294,78.76821157,300,16,8,11,16.78,True
30,39,5.0,5e459bd31247ee46fa95b09556600a6a,04/15/2023 08:10 PM,04/15/2023 05:33 AM,04/02/2023 08:10 PM,30,39,,5.011969650543937,Madrid,Barcelona,506.9220158,39.45880971,39.03299521,51.83226919,300,29,7,16,16.78,True
28,30,2.0,8b6a57fbcf171e0a44f97af7af858939,07/20/2023 02:23 AM,07/15/2023 03:20 PM,07/12/2023 02:23 AM,28,30,,2.378580434108378,Barcelona,Madrid,506.9220158,39.45880971,39.03299521,51.83226919,617,17,14,17,16.78,True
39,20,3.0,c78b767da00efb70c1bcccab87c28cd5,05/17/2023 07:47 PM,05/13/2023 07:10 PM,05/07/2023 07:47 PM,39,20,,3.817576800631411,Barcelona,Madrid,506.9220158,39.45880971,39.03299521,51.83226919,300,42,2,30,16.78,True
38,21,15.0,47de5f36ace720b578ca1b30d0b45b8d,07/10/2023 01:20 AM,06/29/2023 02:15 PM,06/27/2023 01:20 AM,38,21,,4.258785243979479,Málaga,Palma,695.5684257,54.14304626,53.55876878,71.12117596,900,26,13,21,17.05,False
39,23,2.0,d801448d8cf48fd15a66dc8779d47241,04/14/2023 04:19 PM,04/11/2023 10:34 AM,04/08/2023 04:19 PM,39,23,,3.6952859127913324,Barcelona,Palma,205.3060396,15.98102212,15.80856505,20.99233725,267,17,11,13,17.05,True
23,24,0.0,be1be330cf34043d1c40d6114cbd11b5,07/11/2023 02:45 AM,07/08/2023 11:32 AM,07/03/2023 02:45 AM,23,24,,2.2592162001614513,Palma,Madrid,550.5811893,42.85723978,42.39475158,56.29637603,317,19,13,16,17.05,False
28,25,18.0,c78b767da00efb70c1bcccab87c28cd5,06/11/2023 11:50 PM,06/09/2023 09:09 PM,06/05/2023 11:50 PM,28,25,,4.838700688788528,Barcelona,Málaga,770.3567915,59.96457265,59.31747294,78.76821157,300,42,2,30,16.78,False
29,27,12.0,f2d80346f1dd6986e9e6611db7b708aa,08/15/2023 01:30 PM,08/14/2023 06:59 AM,08/04/2023 01:30 PM,29,27,,3.2055427726640504,Madrid,Barcelona,506.9220158,39.45880971,39.03299521,51.83226919,50,16,2,11,16.78,True
31,39,5.0,b1eae565a61935e0011ee7682fef9dc9,07/08/2023 02:08 PM,07/05/2023 12:16 PM,06/25/2023 02:08 PM,31,39,,3.4706481250321017,Málaga,Barcelona,770.3567915,59.96457265,59.31747294,78.76821157,267,17,13,17,16.78,True
32,20,1.0,f3979f97b4913d696bbe9c7c425c5e4e,09/24/2023 10:23 AM,09/21/2023 02:43 PM,09/17/2023 10:23 AM,32,20,,16.761910537729143,Málaga,Madrid,414.9576716,32.30030516,31.95174072,42.42900697,18667,88,28,67,55.63,True
21,24,18.0,7eb9c68704af5effea1cee6f3a6b4b4b,09/10/2023 08:16 PM,09/04/2023 02:13 PM,08/29/2023 08:16 PM,21,24,,5.026907443334085,Palma,Madrid,550.5811893,42.85723978,42.39475158,56.29637603,900,22,12,33,17.05,True
36,33,8.0,9181a16945ef449aa81212d5139945ec,10/04/2023 09:06 PM,09/29/2023 08:31 AM,09/25/2023 09:06 PM,36,33,,8.319077767812432,Barcelona,Madrid,506.9220158,39.45880971,39.03299521,51.83226919,6950,85,11,50,28.15,True
34,33,5.0,0d009643171aee696f4733340bc2fdd0,05/21/2023 11:30 AM,05/18/2023 06:54 PM,05/12/2023 11:30 AM,34,33,,4.7427202919859495,Málaga,Madrid,414.9576716,32.30030516,31.95174072,42.42900697,422,21,16,18,16.78,True
37,38,4.0,a963ea4d494221de09b70f1b4a70edbd,07/06/2023 03:15 AM,07/01/2023 04:43 AM,06/27/2023 03:15 AM,37,38,,5.894740567971296,Barcelona,Málaga,770.3567915,59.96457265,59.31747294,78.76821157,150,35,8,11,16.78,True
34,21,19.0,4e80e5fbd1f7a5e67501d0e1573abf98,06/19/2023 07:58 AM,06/17/2023 08:25 AM,06/11/2023 07:58 AM,34,21,,2.2103635642972126,Málaga,Palma,695.5684257,54.14304626,53.55876878,71.12117596,300,19,13,13,17.05,True
20,37,0.0,bfd9a39f1774d4ca8773f1f42f09d187,05/03/2023 01:05 AM,04/26/2023 03:44 AM,04/23/2023 01:05 AM,20,37,,3.1029464803349702,Madrid,Barcelona,506.9220158,39.45880971,39.03299521,51.83226919,750,50,5,40,16.78,True
38,26,18.0,3cef8174403f4fdedbf24fa67fa9f132,09/21/2023 10:50 AM,09/19/2023 12:44 PM,09/14/2023 10:50 AM,38,26,,5.373611659600349,Málaga,Palma,695.5684257,54.14304626,53.55876878,71.12117596,1800,18,32,27,17.05,True
22,38,0.0,483df9288035696f34225a7047591d13,07/13/2023 06:51 PM,07/11/2023 05:30 AM,07/07/2023 06:51 PM,22,38,,2.016652547680155,Madrid,Málaga,414.9576716,32.30030516,31.95174072,42.42900697,550,26,17,17,16.78,True
28,32,4.0,f01058850701fcb9d8f652660012b9ec,09/24/2023 04:48 AM,09/19/2023 05:49 PM,09/16/2023 04:48 AM,28,32,,5.0397769432525665,Barcelona,Málaga,770.3567915,59.96457265,59.31747294,78.76821157,450,29,10,22,16.78,True
38,26,13.0,c23381297fa734ea441a15d723199fb5,07/23/2023 11:54 AM,07/23/2023 05:25 AM,07/10/2023 11:54 AM,38,26,,4.770465164789272,Málaga,Palma,695.5684257,54.14304626,53.55876878,71.12117596,200,20,20,20,17.05,True
24,32,13.0,fc37e09bb4dadd1eef5e92e954b1c72e,06/10/2023 01:28 AM,06/06/2023 10:39 PM,05/31/2023 01:28 AM,24,32,,4.557782563377023,Madrid,Málaga,414.9576716,32.30030516,31.95174072,42.42900697,500,30,6,23,16.78,True
22,26,17.0,1f64ec386a6be322e71596931f5d2377,04/12/2023 04:04 PM,04/06/2023 01:37 AM,04/02/2023 04:04 PM,22,26,,4.919834716545818,Madrid,Palma,550.5811893,42.85723978,42.39475158,56.29637603,200,16,22,11,17.05,True
37,34,16.0,3931aaf38ba4cc928100541ff51b82ff,09/28/2023 05:14 AM,09/25/2023 11:07 AM,09/22/2023 05:14 AM,37,34,,5.704701730715078,Barcelona,Málaga,770.3567915,59.96457265,59.31747294,78.76821157,400,16,4,16,16.78,True
24,21,13.0,a963ea4d494221de09b70f1b4a70edbd,10/05/2023 06:53 AM,09/29/2023 10:34 PM,09/26/2023 06:53 AM,24,21,,4.450403882267217,Madrid,Palma,550.5811893,42.85723978,42.39475158,56.29637603,150,35,8,11,17.05,True
31,27,7.0,5e21d5cab5d33e770d8150a4ee6117db,07/05/2023 01:41 AM,06/28/2023 10:58 PM,06/26/2023 01:41 AM,31,27,,5.112351511806919,Málaga,Barcelona,770.3567915,59.96457265,59.31747294,78.76821157,200,16,2,11,16.78,True
38,21,15.0,c72a1a8c3bbe15206d1880cedc7bd791,07/23/2023 12:10 PM,07/20/2023 06:38 AM,07/16/2023 12:10 PM,38,21,,6.504432910615328,Málaga,Palma,695.5684257,54.14304626,53.55876878,71.12117596,4750,18,22,30,22.48,True
25,28,0.0,c18c01e09509a509e2b88d3ed40c580e,05/07/2023 05:38 AM,05/05/2023 02:02 AM,05/01/2023 05:38 AM,25,28,,5.815810934850558,Málaga,Barcelona,770.3567915,59.96457265,59.31747294,78.76821157,2150,42,25,15,18.43,True
39,30,9.0,8bb6ace4cf2411747ea1cfecad5a458d,10/05/2023 10:10 PM,09/30/2023 07:59 AM,09/25/2023 10:10 PM,39,30,,7.708273935716251,Barcelona,Madrid,506.9220158,39.45880971,39.03299521,51.83226919,6000,75,15,50,25.86,True
33,35,19.0,03b63c5fc16691530586ae020c345514,08/05/2023 09:18 AM,07/29/2023 02:28 PM,07/27/2023 09:18 AM,33,35,,9.300122754302171,Madrid,Barcelona,506.9220158,39.45880971,39.03299521,51.83226919,7150,50,19,45,30.44,True
39,33,0.0,b6b4ab44d1f3c2a645abbda76af2a993,04/29/2023 03:41 PM,04/24/2023 08:58 PM,04/19/2023 03:41 PM,39,33,,4.549520588175465,Barcelona,Madrid,506.9220158,39.45880971,39.03299521,51.83226919,1050,30,45,11,16.78,True
39,38,6.0,9e48435521202c8795e21ac42efcc761,09/23/2023 07:14 AM,09/18/2023 10:09 PM,09/16/2023 07:14 AM,39,38,,6.752985886815149,Barcelona,Málaga,770.3567915,59.96457265,59.31747294,78.76821157,600,46,3,15,16.78,False
23,38,15.0,9181a16945ef449aa81212d5139945ec,05/27/2023 06:18 AM,05/22/2023 12:11 AM,05/16/2023 06:18 AM,23,38,,8.769410354009896,Palma,Málaga,695.5684257,54.14304626,53.55876878,71.12117596,6950,85,11,50,29.55,True
24,28,2.0,599e5320aef0c7dd9e3fed9b2f673d41,05/11/2023 12:53 PM,05/02/2023 12:34 AM,04/29/2023 12:53 PM,24,28,,4.109208757496892,Madrid,Barcelona,506.9220158,39.45880971,39.03299521,51.83226919,700,20,20,20,16.78,True
35,31,5.0,c78b767da00efb70c1bcccab87c28cd5,05/14/2023 06:33 AM,05/11/2023 09:33 AM,05/05/2023 06:33 AM,35,31,,5.74602193724822,Barcelona,Málaga,770.3567915,59.96457265,59.31747294,78.76821157,300,42,2,30,16.78,True
35,23,9.0,d68bd4dedccc5545b1ff6629de8fb021,04/19/2023 12:43 PM,04/13/2023 09:06 PM,04/10/2023 12:43 PM,35,23,,6.198210803741569,Barcelona,Palma,205.3060396,15.98102212,15.80856505,20.99233725,1950,17,11,12,17.05,True
32,33,13.0,6e9c52b407fea24064f7ab2b144fbf8c,05/24/2023 07:08 AM,05/18/2023 10:08 PM,05/16/2023 07:08 AM,32,33,,10.354225185352497,Málaga,Madrid,414.9576716,32.30030516,31.95174072,42.42900697,13575,71,81,44,44.18,True
38,33,18.0,2a21592fa9b5f82a36ec4e151bb31d10,09/03/2023 12:24 PM,09/02/2023 09:31 AM,08/26/2023 12:24 PM,38,33,,5.105152690936388,Málaga,Madrid,414.9576716,32.30030516,31.95174072,42.42900697,500,29,7,16,16.78,True
33,21,7.0,a0253d43394dd4da9a5d7b1f546f1a32,08/17/2023 10:17 AM,08/12/2023 04:39 PM,08/10/2023 10:17 AM,33,21,,3.5802024353820006,Madrid,Palma,550.5811893,42.85723978,42.39475158,56.29637603,740,23,13,13,17.05,True
22,31,10.0,8da90b37f0fb171b4877c124f965b1f6,05/01/2023 02:09 AM,04/28/2023 05:19 PM,04/23/2023 02:09 AM,22,31,,4.963514139038556,Madrid,Málaga,414.9576716,32.30030516,31.95174072,42.42900697,377,18,13,15,16.78,True
21,33,15.0,be1be330cf34043d1c40d6114cbd11b5,05/07/2023 04:46 PM,05/05/2023 10:40 AM,04/28/2023 04:46 PM,21,33,,3.481106685324794,Palma,Madrid,550.5811893,42.85723978,42.39475158,56.29637603,317,19,13,16,17.05,True
22,32,10.0,3fcd8dfe610c62edfb51de2630cd9ef4,04/16/2023 05:01 PM,04/13/2023 01:03 AM,04/08/2023 05:01 PM,22,32,,6.689502512367553,Madrid,Málaga,414.9576716,32.30030516,31.95174072,42.42900697,5700,41,17,49,25.86,True
37,20,18.0,457c5f8a59156ce6315753d8d788a16a,10/09/2023 07:33 AM,10/07/2023 11:33 AM,09/27/2023 07:33 AM,37,20,,5.026257842103472,Barcelona,Madrid,506.9220158,39.45880971,39.03299521,51.83226919,200,16,2,11,16.78,True
35,34,10.0,6e9c52b407fea24064f7ab2b144fbf8c,04/29/2023 11:00 PM,04/25/2023 09:31 AM,04/16/2023 11:00 PM,35,34,,11.75037365683491,Barcelona,Málaga,770.3567915,59.96457265,59.31747294,78.76821157,13575,71,81,44,44.18,True
23,31,12.0,7eb9c68704af5effea1cee6f3a6b4b4b,10/01/2023 11:43 AM,09/20/2023 04:02 PM,09/18/2023 11:43 AM,23,31,,3.8619812429308795,Palma,Málaga,695.5684257,54.14304626,53.55876878,71.12117596,900,22,12,33,17.05,True
25,36,2.0,2a21592fa9b5f82a36ec4e151bb31d10,08/14/2023 10:39 AM,08/10/2023 02:26 AM,08/06/2023 10:39 AM,25,36,,5.737944899299172,Málaga,Barcelona,770.3567915,59.96457265,59.31747294,78.76821157,500,29,7,16,16.78,True
32,20,14.0,1175dc374bce5c9d93c4d4281d8d85d7,08/10/2023 04:53 PM,08/10/2023 01:23 AM,07/31/2023 04:53 PM,32,20,,4.24615601489411,Málaga,Madrid,414.9576716,32.30030516,31.95174072,42.42900697,400,18,18,18,16.78,True
31,26,6.0,6a2fb4dd53d2cdb88e0432f1284a004c,08/15/2023 05:54 AM,08/14/2023 09:14 PM,08/08/2023 05:54 AM,31,26,,5.917988100565127,Málaga,Palma,695.5684257,54.14304626,53.55876878,71.12117596,400,27,5,20,17.05,True
25,20,18.0,28f71b48a5f99f0bcf4642ae10352557,10/05/2023 10:24 AM,10/04/2023 02:50 AM,09/27/2023 10:24 AM,25,20,,2.1910489196753304,Málaga,Madrid,414.9576716,32.30030516,31.95174072,42.42900697,500,17,22,17,16.78,False
39,31,14.0,483bc1cbabb3fd0c16d82d2f162852c4,06/25/2023 05:19 PM,06/20/2023 05:11 PM,06/14/2023 05:19 PM,39,31,,5.894953423426416,Barcelona,Málaga,770.3567915,59.96457265,59.31747294,78.76821157,2000,32,12,37,16.78,True
22,28,9.0,b864b103180d5a6a3f830e67f93e8735,05/14/2023 05:51 PM,05/08/2023 07:00 PM,05/04/2023 05:51 PM,22,28,,2.5413903398803717,Madrid,Barcelona,506.9220158,39.45880971,39.03299521,51.83226919,600,70,11,11,16.78,True
26,32,9.0,f3979f97b4913d696bbe9c7c425c5e4e,10/11/2023 10:41 PM,10/03/2023 12:37 AM,09/28/2023 10:41 PM,26,32,,18.54369644929772,Palma,Málaga,695.5684257,54.14304626,53.55876878,71.12117596,18667,88,28,67,60.87,True
35,25,7.0,99d1f27bf9ea0392ab69d0203c6efdc4,04/08/2023 03:03 AM,04/07/2023 03:59 PM,04/01/2023 03:03 AM,35,25,,4.314283717997173,Barcelona,Málaga,770.3567915,59.96457265,59.31747294,78.76821157,150,16,16,15,16.78,True
25,27,7.0,47de5f36ace720b578ca1b30d0b45b8d,05/28/2023 08:59 PM,05/20/2023 07:05 AM,05/16/2023 08:59 PM,25,27,,2.6970252965219466,Málaga,Barcelona,770.3567915,59.96457265,59.31747294,78.76821157,900,26,13,21,16.78,False
28,29,7.0,4ed86bcb86407328452ac1c5b3b89d67,07/07/2023 07:22 AM,07/04/2023 01:51 AM,06/24/2023 07:22 AM,28,29,,2.5618404710571276,Barcelona,Madrid,506.9220158,39.45880971,39.03299521,51.83226919,500,30,8,35,16.78,False
30,39,19.0,9e48435521202c8795e21ac42efcc761,06/06/2023 12:42 AM,06/03/2023 01:02 PM,05/27/2023 12:42 AM,30,39,,4.48669360713315,Madrid,Barcelona,506.9220158,39.45880971,39.03299521,51.83226919,600,46,3,15,16.78,True
21,34,7.0,5b706747080dcd34b3ebd803c25ccd65,05/01/2023 09:05 AM,04/29/2023 03:16 PM,04/21/2023 09:05 AM,21,34,,7.205021294707354,Palma,Málaga,695.5684257,54.14304626,53.55876878,71.12117596,340,47,13,13,17.05,True
25,37,3.0,5e459bd31247ee46fa95b09556600a6a,06/22/2023 12:38 PM,06/21/2023 05:07 AM,06/15/2023 12:38 PM,25,37,,6.302443273464105,Málaga,Barcelona,770.3567915,59.96457265,59.31747294,78.76821157,300,29,7,16,16.78,True
37,22,17.0,599e5320aef0c7dd9e3fed9b2f673d41,09/28/2023 12:27 AM,09/19/2023 07:23 AM,09/15/2023 12:27 AM,37,22,,3.459069697984229,Barcelona,Madrid,506.9220158,39.45880971,39.03299521,51.83226919,700,20,20,20,16.78,True
26,34,,3e9b58f1436820c248d3f98d7229bb14,04/26/2023 03:38 AM,,04/14/2023 03:38 AM,26,34,,5.33256521955057,Palma,Málaga,695.5684257,54.14304626,53.55876878,71.12117596,250,16,11,11,17.05,True
24,28,,a07713fa6def350398642fcb700db2f9,04/18/2023 12:29 PM,,04/10/2023 12:29 PM,24,28,,3.5762171241116745,Madrid,Barcelona,506.9220158,39.45880971,39.03299521,51.83226919,1400,22,12,33,16.78,False
39,29,,fc5c33cddd49638580cfe9fec90aa943,04/24/2023 10:47 AM,,04/15/2023 10:47 AM,39,29,,3.0061236140674996,Barcelona,Madrid,506.9220158,39.45880971,39.03299521,51.83226919,300,16,8,11,16.78,True
35,32,,21db47f6493b06e8e7fc562ec9890e77,04/25/2023 12:27 AM,,04/13/2023 12:27 AM,35,32,,5.602522124038321,Barcelona,Málaga,770.3567915,59.96457265,59.31747294,78.76821157,300,35,5,25,16.78,True
28,21,,302a19dacdbb5ed2f74f9dee8126ef79,04/27/2023 09:57 AM,,04/16/2023 09:57 AM,28,21,,2.935999887636217,Barcelona,Palma,205.3060396,15.98102212,15.80856505,20.99233725,300,17,7,24,17.05,True
20,25,,dc582e9ac5036846acfeeb3093b17aa7,04/20/2023 05:32 PM,,04/10/2023 05:32 PM,20,25,,2.5650518040703396,Madrid,Málaga,414.9576716,32.30030516,31.95174072,42.42900697,1300,22,14,14,16.78,True
25,33,,e8f22df5fa5b454907286aa61d6216a8,04/25/2023 05:04 AM,,04/12/2023 05:04 AM,25,33,,3.015036979570101,Málaga,Madrid,414.9576716,32.30030516,31.95174072,42.42900697,1500,22,12,33,16.78,True
26,35,,8e71b24c3e25a92fef6176120a67fac7,04/20/2023 01:57 PM,,04/14/2023 01:57 PM,26,35,,2.1975617985292035,Palma,Barcelona,205.3060396,15.98102212,15.80856505,20.99233725,783,21,13,28,17.05,True
23,35,,b5d214651360e2d58e13b48ae69c6199,04/28/2023 11:19 AM,,04/16/2023 11:19 AM,23,35,,8.59874827374168,Palma,Barcelona,205.3060396,15.98102212,15.80856505,20.99233725,10400,100,23,27,39.99,True
32,20,,09c3d39641970009c198caed304ccfc4,04/25/2023 10:42 PM,,04/16/2023 10:42 PM,32,20,,5.12916915623611,Málaga,Madrid,414.9576716,32.30030516,31.95174072,42.42900697,300,68,7,13,16.78,True
28,34,,35255921c732e0e9319097469d856cd5,04/22/2023 06:18 AM,,04/16/2023 06:18 AM,28,34,,3.3580450353828395,Barcelona,Málaga,770.3567915,59.96457265,59.31747294,78.76821157,400,18,11,15,16.78,True
35,22,,e0bbe6292471ff5ab3752414baf78111,04/24/2023 03:53 AM,,04/15/2023 03:53 AM,35,22,,4.453642394059431,Barcelona,Madrid,506.9220158,39.45880971,39.03299521,51.83226919,500,16,11,11,16.78,True
30,26,,5370b82a213393979691c98074265584,04/24/2023 10:35 AM,,04/12/2023 10:35 AM,30,26,,9.790212812603176,Madrid,Palma,550.5811893,42.85723978,42.39475158,56.29637603,7950,33,30,44,32.16,True
34,39,,03b63c5fc16691530586ae020c345514,04/20/2023 06:23 PM,,04/12/2023 06:23 PM,34,39,,8.654303842142955,Málaga,Barcelona,770.3567915,59.96457265,59.31747294,78.76821157,7150,50,19,45,30.44,True
31,22,,fc37e09bb4dadd1eef5e92e954b1c72e,04/17/2023 06:47 AM,,04/10/2023 06:47 AM,31,22,,3.8409938084303805,Málaga,Madrid,414.9576716,32.30030516,31.95174072,42.42900697,500,30,6,23,16.78,True
25,35,,fc5c33cddd49638580cfe9fec90aa943,04/23/2023 08:33 AM,,04/15/2023 08:33 AM,25,35,,4.64874217854352,Málaga,Barcelona,770.3567915,59.96457265,59.31747294,78.76821157,300,16,8,11,16.78,True
38,27,,1175dc374bce5c9d93c4d4281d8d85d7,04/18/2023 05:29 AM,,04/11/2023 05:29 AM,38,27,,5.144249147015311,Málaga,Barcelona,770.3567915,59.96457265,59.31747294,78.76821157,400,18,18,18,16.78,True
26,31,,6a2fb4dd53d2cdb88e0432f1284a004c,04/20/2023 06:28 PM,,04/14/2023 06:28 PM,26,31,,5.204829248650294,Palma,Málaga,695.5684257,54.14304626,53.55876878,71.12117596,400,27,5,20,17.05,True
36,25,,dc582e9ac5036846acfeeb3093b17aa7,04/19/2023 09:46 AM,,04/12/2023 09:46 AM,36,25,,6.647296762520666,Barcelona,Málaga,770.3567915,59.96457265,59.31747294,78.76821157,1300,22,14,14,16.78,True
25,33,,828fe032935d7c1901682e5b6cc076c2,04/24/2023 03:57 AM,,04/11/2023 03:57 AM,25,33,,2.121657774014726,Málaga,Madrid,414.9576716,32.30030516,31.95174072,42.42900697,600,20,20,20,16.78,True
